stat,positive,negative
mean,5.587121212121212,4.316679477325135
median,6.0,4.0
p25,5.0,3.0
p75,7.0,5.0
