stat,positive,negative
mean,3.8205128205128207,2.5641025641025643
median,4.0,2.0
p25,3.0,1.0
p75,4.5,4.0
