stat,positive,negative
mean,3.8263473053892216,2.2162661737523104
median,4.0,2.0
p25,3.0,1.0
p75,5.0,3.0
