stat,positive,negative
mean,3.179640718562874,1.801498127340824
median,3.0,2.0
p25,2.0,1.0
p75,4.0,3.0
