stat,positive,negative
mean,3.532934131736527,3.949343339587242
median,3.0,4.0
p25,1.0,2.0
p75,6.0,6.0
