stat,positive,negative
mean,3.7469586374695862,2.375160875160875
median,4.0,2.0
p25,3.0,1.0
p75,5.0,3.0
