stat,positive,negative
mean,5.521492295214923,4.3237971391417425
median,6.0,4.0
p25,4.0,3.0
p75,7.0,5.0
